Crop Year,Basis
2007-08,-0.676974910
2008-09,0.175566948
2009-10,-0.214249260
2010-11,-1.041969157
2011-12,-0.251576426
2012-13,-0.056013339
2013-14,0.062321885
2014-15,-0.068976721
2015-16,-0.090408337
2016-17,-0.226389526
