CropYearStart,CropYearEnd,Basis
2007,2008,-0.67697491
2008,2009,0.175566948
2009,2010,-0.21424926
2010,2011,-1.041969157
2011,2012,-0.251576426
2012,2013,-0.056013339
2013,2014,0.062321885
2014,2015,-0.068976721
2015,2016,-0.090408337
2016,2017,-0.226389526
