CropYear,Basis
2007-08,-1.691572776
2008-09,0.096030416
2009-10,-0.23319177
2010-11,-1.33224477
2011-12,-0.34289206
2012-13,-0.46883776
2013-14,-0.20455991
2014-15,0.173342984
2015-16,-0.221721916
2016-17,-0.474658293
