CropYearStart,CropYearEnd,Basis
2007,2008,-1.691572776
2008,2009,0.096030416
2009,2010,-0.23319177
2010,2011,-1.33224477
2011,2012,-0.34289206
2012,2013,-0.46883776
2013,2014,-0.20455991
2014,2015,0.173342984
2015,2016,-0.221721916
2016,2017,-0.474658293
2017,2018,-0.44438263
