Crop Year,Basis
2007-08,-1.6915727760
2008-09,0.0960304160
2009-10,-0.2331917700
2010-11,-1.3322447700
2011-12,-0.3428920600
2012-13,-0.4688377600
2013-14,-0.2045599100
2014-15,0.1733429841
2015-16,-0.2217219160
2016-17,-0.4746582930
